name,playlist_id,mood,danceability,energy,key,loudness,mode,speechiness,acousticness,instrumentalness,liveness,valence,tempo,type,song_id,uri,track_href,analysis_url,duration_ms,time_signature,mood_encoded
Peaceful Piano,37i9dQZF1DX4sWSpwq3LiO,Peaceful,0.5542837322233785,0.17344638533539894,0.09090909090909091,0.6407246850973336,1.0,0.21189591078066916,0.9788359788359786,0.8777429467084636,0.26687847498014283,0.06996332020105964,0.08927035814612488,audio_features,5hFkGfx038V0LhqI0Uff2J,spotify:track:5hFkGfx038V0LhqI0Uff2J,https://api.spotify.com/v1/tracks/5hFkGfx038V0LhqI0Uff2J,https://api.spotify.com/v1/audio-analysis/5hFkGfx038V0LhqI0Uff2J,0.32661053293923803,0.75,12
Peaceful Meditation,37i9dQZF1DWZqd5JICZI0u,Peaceful,0.6427332639611516,0.3728953495922892,0.36363636363636365,0.8393587436610501,1.0,0.1431226765799256,0.9365079365079367,0.9184952978056424,0.2549642573471008,0.2188561336774895,0.3632238884202423,audio_features,3RI7rnK1YgmyRcXq9pkMqQ,spotify:track:3RI7rnK1YgmyRcXq9pkMqQ,https://api.spotify.com/v1/tracks/3RI7rnK1YgmyRcXq9pkMqQ,https://api.spotify.com/v1/audio-analysis/3RI7rnK1YgmyRcXq9pkMqQ,0.6439813549920105,0.75,12
Peaceful Music (Instrumental),7MuGX2icynmq9zuklPCbnX,Peaceful,0.6878251821019772,0.2634303366512983,0.0,0.8861851791264517,1.0,0.37360594795539026,0.9947089947089953,1.0,0.4201747418586179,0.5965222116560249,0.5100040130711461,audio_features,6fjZ39b5dT9uZzFsVRLwSi,spotify:track:6fjZ39b5dT9uZzFsVRLwSi,https://api.spotify.com/v1/tracks/6fjZ39b5dT9uZzFsVRLwSi,https://api.spotify.com/v1/audio-analysis/6fjZ39b5dT9uZzFsVRLwSi,0.40888204465860245,0.75,12
Peaceful music<3,37O3TVPbewdKcI2GBx0FbA,Peaceful,0.5577523413111343,0.1168585396625138,0.09090909090909091,0.7412890561099297,1.0,0.21375464684014878,0.9735449735449739,0.827586206896552,0.36457505957108804,0.21342208939002857,0.6125666456458179,audio_features,1b1A6Z7pI8myEX3TSyweOk,spotify:track:1b1A6Z7pI8myEX3TSyweOk,https://api.spotify.com/v1/tracks/1b1A6Z7pI8myEX3TSyweOk,https://api.spotify.com/v1/audio-analysis/1b1A6Z7pI8myEX3TSyweOk,0.3263455949926727,0.75,12
Peaceful Music,4Lw6TUrPoiQkTjXE46J8cD,Peaceful,0.7034339229968782,0.2235405437999202,0.4545454545454546,0.92196957304106,1.0,0.13568773234200748,0.9894179894179898,0.7178683385579938,0.4598888006354248,0.406330661594892,0.24754916012153877,audio_features,3xZBHTUT1gLAmDbPz77ETo,spotify:track:3xZBHTUT1gLAmDbPz77ETo,https://api.spotify.com/v1/tracks/3xZBHTUT1gLAmDbPz77ETo,https://api.spotify.com/v1/audio-analysis/3xZBHTUT1gLAmDbPz77ETo,0.5265144929336082,0.5,12
Easygoing Mix,37i9dQZF1EIg1diNOlUqZZ,Easygoing,0.5161290322580645,0.2903327550859486,0.6363636363636364,0.6590462947816129,1.0,0.2825278810408921,0.9682539682539684,0.7492163009404389,0.43606036536934056,0.05950278494769733,0.48686742942318245,audio_features,6yhkANlWR9KWT75aAqXmGm,spotify:track:6yhkANlWR9KWT75aAqXmGm,https://api.spotify.com/v1/tracks/6yhkANlWR9KWT75aAqXmGm,https://api.spotify.com/v1/audio-analysis/6yhkANlWR9KWT75aAqXmGm,0.39513010936969606,0.75,4
Easygoing Happy Mix,37i9dQZF1EIcPjfcworcTM,Easygoing,0.42074228234477973,0.3515589487648079,1.0,0.7602241125470308,1.0,0.2639405204460966,0.9841269841269842,0.8714733542319748,0.32486100079428104,0.04238554544219537,0.17095683082038643,audio_features,2bjQvSk5T3A2dmnqqeRhzI,spotify:track:2bjQvSk5T3A2dmnqqeRhzI,https://api.spotify.com/v1/tracks/2bjQvSk5T3A2dmnqqeRhzI,https://api.spotify.com/v1/audio-analysis/2bjQvSk5T3A2dmnqqeRhzI,0.2714206469453483,1.0,4
Easygoing Morning Mix,37i9dQZF1EIdc2yEH4ul1a,Easygoing,0.32015261879986123,0.0542408415818622,0.18181818181818182,0.5250695239653196,1.0,0.3029739776951673,0.9788359788359786,0.915360501567398,0.27879269261318496,0.14277951365303632,1.0000000000000002,audio_features,7MDbt6zQQu37YFeVcOpb4U,spotify:track:7MDbt6zQQu37YFeVcOpb4U,https://api.spotify.com/v1/tracks/7MDbt6zQQu37YFeVcOpb4U,https://api.spotify.com/v1/audio-analysis/7MDbt6zQQu37YFeVcOpb4U,0.9093498257205069,0.5,4
Mellow Lofi Morning,37i9dQZF1DX6QClArDhvcW,Easygoing,0.5716267776621575,0.029100995389482087,0.6363636363636364,0.5977425159496155,1.0,0.5353159851301114,0.9735449735449739,0.849529780564263,0.16918189038919773,0.22157315582121997,0.6500601960671903,audio_features,2ODAJGjI4YZwWp470XsV41,spotify:track:2ODAJGjI4YZwWp470XsV41,https://api.spotify.com/v1/tracks/2ODAJGjI4YZwWp470XsV41,https://api.spotify.com/v1/audio-analysis/2ODAJGjI4YZwWp470XsV41,0.4908223839447604,0.75,4
Bollywood & Chill,37i9dQZF1DWX76Z8XDsZzF,Easygoing,0.653139091224419,0.454530274497435,0.09090909090909091,0.798666775723867,1.0,0.7676579925650558,0.9947089947089953,0.8307210031347965,0.36457505957108804,0.354707240864013,0.7212062145273177,audio_features,3RO7kRSyGR1WD6vWOI73r9,spotify:track:3RO7kRSyGR1WD6vWOI73r9,https://api.spotify.com/v1/tracks/3RO7kRSyGR1WD6vWOI73r9,https://api.spotify.com/v1/audio-analysis/3RO7kRSyGR1WD6vWOI73r9,0.28638964092628927,0.75,4
Tender,5iC96u9lIUXXehUdokYzJi,Tender,0.3652445369406868,0.03791385660083305,0.2727272727272727,0.4027891379028301,1.0,0.3568773234200744,0.9576719576719581,0.846394984326019,0.44400317712470205,0.3696508626545306,0.16006420913833636,audio_features,1ymzdmQYjO3ThdlToYZnTq,spotify:track:1ymzdmQYjO3ThdlToYZnTq,https://api.spotify.com/v1/tracks/1ymzdmQYjO3ThdlToYZnTq,https://api.spotify.com/v1/audio-analysis/1ymzdmQYjO3ThdlToYZnTq,0.7018868549381948,0.75,21
Tender is the Flesh,2RTcXmgafO3gieZ1EKJsEH,Tender,0.6756850502948318,0.27549004146683115,0.0,0.8218141665303451,1.0,0.04275092936802971,0.9735449735449739,0.5297805642633229,0.4281175536139793,0.5177285694878413,0.12735358432772875,audio_features,5LmaeC0bRQqaHtK781KOhD,spotify:track:5LmaeC0bRQqaHtK781KOhD,https://api.spotify.com/v1/tracks/5LmaeC0bRQqaHtK781KOhD,https://api.spotify.com/v1/audio-analysis/5LmaeC0bRQqaHtK781KOhD,0.5570568705860924,0.75,21
TENDER Radio,37i9dQZF1E4ATQ287i1kax,Tender,0.6063128685397156,0.1363396012876054,0.09090909090909091,0.5403647963356779,1.0,0.3643122676579925,0.9947089947089953,0.9278996865203761,0.35663224781572667,0.383235973373183,0.37437039827683644,audio_features,6Qqto6duuFLcAUvTEsacwS,spotify:track:6Qqto6duuFLcAUvTEsacwS,https://api.spotify.com/v1/tracks/6Qqto6duuFLcAUvTEsacwS,https://api.spotify.com/v1/audio-analysis/6Qqto6duuFLcAUvTEsacwS,0.4877507596267686,0.75,21
Tender Kisses,4SSWYV7vpBDxuSqP17zCao,Tender,0.7415886229621922,0.14468862769835897,1.0,0.7571159823327336,1.0,0.12267657992565062,0.9894179894179898,0.6708463949843262,0.3486894360603653,0.3941040619481049,0.0,audio_features,3cuvXQjn74rLPC0jSVysUK,spotify:track:3cuvXQjn74rLPC0jSVysUK,https://api.spotify.com/v1/tracks/3cuvXQjn74rLPC0jSVysUK,https://api.spotify.com/v1/audio-analysis/3cuvXQjn74rLPC0jSVysUK,0.2502421698417824,0.0,21
Inclination Compass (Tenderness) Radio,37i9dQZF1E8PI8VgpfHdtT,Tender,0.6288588276101283,0.4081467944376931,0.4545454545454546,0.729183706854245,1.0,0.362453531598513,0.9947089947089953,0.8150470219435739,0.3328038125496424,0.216139111533759,0.6546465630912115,audio_features,4asmLOODbw59npZqVLEvvk,spotify:track:4asmLOODbw59npZqVLEvvk,https://api.spotify.com/v1/tracks/4asmLOODbw59npZqVLEvvk,https://api.spotify.com/v1/audio-analysis/4asmLOODbw59npZqVLEvvk,0.41485142776715256,0.75,21
Love Romantic Mix,37i9dQZF1EIdhQkHfnuNWv,Romantic,0.37391605966007635,0.10665417404937058,0.7272727272727273,0.6148372321282514,1.0,0.2379182156133829,0.9788359788359786,0.8119122257053291,0.2565528196981731,0.20662953403070236,0.7969058402470088,audio_features,078tv0fBjcReoPb9IL97b7,spotify:track:078tv0fBjcReoPb9IL97b7,https://api.spotify.com/v1/tracks/078tv0fBjcReoPb9IL97b7,https://api.spotify.com/v1/audio-analysis/078tv0fBjcReoPb9IL97b7,0.3803680981595091,0.75,13
Romantic Mix,37i9dQZF1EVGJJ3r00UGAt,Romantic,0.7780090183836282,0.19756579496646473,0.18181818181818182,0.7145018812367085,1.0,0.22862453531598503,0.9947089947089953,0.7272727272727275,0.3328038125496424,0.4973509034098629,0.5152291955020845,audio_features,7A6mWq885WLJUngzwxfQXW,spotify:track:7A6mWq885WLJUngzwxfQXW,https://api.spotify.com/v1/tracks/7A6mWq885WLJUngzwxfQXW,https://api.spotify.com/v1/audio-analysis/7A6mWq885WLJUngzwxfQXW,0.0,0.75,13
hopeless romantic,48Xqn0ZjpGDJeUba0xIOfq,Romantic,0.45542837322233787,0.13262892288282604,0.4545454545454546,0.7097169965646981,1.0,0.25092936802973975,0.9576719576719581,0.8087774294670846,0.3486894360603653,0.1278358918625187,0.7539905488079541,audio_features,6CWzmoxDJJdIJ5GImw0RHv,spotify:track:6CWzmoxDJJdIJ5GImw0RHv,https://api.spotify.com/v1/tracks/6CWzmoxDJJdIJ5GImw0RHv,https://api.spotify.com/v1/audio-analysis/6CWzmoxDJJdIJ5GImw0RHv,0.40234138910277106,0.75,13
Romantic Country Mix,37i9dQZF1EIepz0xQG7xoZ,Romantic,0.6687478321193202,0.1465439669007486,0.36363636363636365,0.749672828398495,0.0,0.25092936802973975,0.9947089947089953,0.9561128526645768,0.48371723590150906,0.3900285287325092,0.34255247704769004,audio_features,6xld6bFu5ST7nickcSK1lP,spotify:track:6xld6bFu5ST7nickcSK1lP,https://api.spotify.com/v1/tracks/6xld6bFu5ST7nickcSK1lP,https://api.spotify.com/v1/audio-analysis/6xld6bFu5ST7nickcSK1lP,0.641919806595299,0.5,13
Romantic Homicide 1hour,6m7tyTyV0nRZvUQAwjtz0V,Romantic,0.5265348595213319,0.09552213883503252,0.4545454545454546,0.5772124979551776,1.0,0.3550185873605948,0.9576719576719581,0.8244514106583072,0.36457505957108804,0.30308382013313406,0.40751508996650315,audio_features,5JVDIP9IBy6DJB6SVFTX5T,spotify:track:5JVDIP9IBy6DJB6SVFTX5T,https://api.spotify.com/v1/tracks/5JVDIP9IBy6DJB6SVFTX5T,https://api.spotify.com/v1/audio-analysis/5JVDIP9IBy6DJB6SVFTX5T,0.42304794548901736,0.5,13
Fun Upbeat Mix,37i9dQZF1EIfTUPQ3YfOqs,Upbeat,0.5525494276795005,0.16973570693061957,0.18181818181818182,0.6034271225257648,1.0,0.2211895910780669,0.9841269841269842,0.8652037617554855,0.32486100079428104,0.15772313544355387,0.4368760288613525,audio_features,3xdDoLDyvsMgyl1BwVaZ5E,spotify:track:3xdDoLDyvsMgyl1BwVaZ5E,https://api.spotify.com/v1/tracks/3xdDoLDyvsMgyl1BwVaZ5E,https://api.spotify.com/v1/audio-analysis/3xdDoLDyvsMgyl1BwVaZ5E,0.6855600539811065,0.75,22
2000s upbeat,1fJiRbSbzNDp1coGNv57Qs,Upbeat,0.6115157821713493,0.0761338441700604,0.9090909090909092,0.5152543759201702,1.0,0.48698884758364314,0.9788359788359786,0.9090909090909092,0.3089753772835583,0.4036136394511616,0.1470995323543624,audio_features,4fv0GOcz0wbPcPR0CjILUg,spotify:track:4fv0GOcz0wbPcPR0CjILUg,https://api.spotify.com/v1/tracks/4fv0GOcz0wbPcPR0CjILUg,https://api.spotify.com/v1/audio-analysis/4fv0GOcz0wbPcPR0CjILUg,0.3929774885538527,1.0,22
Upbeat Songs That Everyone Knows,0t2A2rfRHsYVdAPybNGlUN,Upbeat,0.6496704821366632,0.012217408647736024,0.0,0.515581547521675,1.0,0.22676579925650564,0.9788359788359786,0.9310344827586206,0.3089753772835583,0.42399130552914005,0.14307827126722966,audio_features,3bDLjjjT1TNLUI7wnJ8uPW,spotify:track:3bDLjjjT1TNLUI7wnJ8uPW,https://api.spotify.com/v1/tracks/3bDLjjjT1TNLUI7wnJ8uPW,https://api.spotify.com/v1/audio-analysis/3bDLjjjT1TNLUI7wnJ8uPW,0.3914706539827625,0.75,22
Upbeat Country Mix,37i9dQZF1EIfLh3vzsUwSp,Upbeat,0.5577523413111343,0.11314786125773445,0.2727272727272727,0.6868558809095371,1.0,0.17657992565055758,0.9523809523809526,0.7711598746081507,0.3328038125496424,0.1020241814970792,0.49192062309072,audio_features,5tC7qnCutl9HLMAOeUaZxo,spotify:track:5tC7qnCutl9HLMAOeUaZxo,https://api.spotify.com/v1/tracks/5tC7qnCutl9HLMAOeUaZxo,https://api.spotify.com/v1/audio-analysis/5tC7qnCutl9HLMAOeUaZxo,0.4040220892012948,0.75,22
Upbeat Work Playlist (CLEAN),63dKFgNfI3i79dw3z0bn0D,Upbeat,0.7693374956642387,0.48607104093805953,0.09090909090909091,0.5467037461148372,1.0,0.3029739776951673,0.9947089947089953,0.8996865203761755,0.32486100079428104,0.872299959244668,0.6014201357892237,audio_features,5rfMHAaZCA8ym79TN2GdbV,spotify:track:5rfMHAaZCA8ym79TN2GdbV,https://api.spotify.com/v1/tracks/5rfMHAaZCA8ym79TN2GdbV,https://api.spotify.com/v1/audio-analysis/5rfMHAaZCA8ym79TN2GdbV,0.8975021319225386,0.75,22
Empowering Mix,37i9dQZF1EIeRRBUi9Gtdk,Empowering,0.7415886229621922,0.12799057487685186,0.36363636363636365,0.913054146900049,1.0,0.120817843866171,0.9894179894179898,0.915360501567398,0.2795869737887211,0.5109360141285151,0.27961277958411473,audio_features,0TsKyZ33N0VP8ZXYgTXPUz,spotify:track:0TsKyZ33N0VP8ZXYgTXPUz,https://api.spotify.com/v1/tracks/0TsKyZ33N0VP8ZXYgTXPUz,https://api.spotify.com/v1/audio-analysis/0TsKyZ33N0VP8ZXYgTXPUz,0.7575321030277439,0.75,5
Empowering Happy Mix,37i9dQZF1EIddbS6LIcjMK,Empowering,0.819632327436698,0.06166219839142091,0.09090909090909091,0.6428513005071159,1.0,0.9999999999999999,0.9947089947089953,0.9467084639498431,0.3328038125496424,0.19304442331205,0.21608340636030815,audio_features,7yQvxdXqotBSRCAYOIOGVt,spotify:track:7yQvxdXqotBSRCAYOIOGVt,https://api.spotify.com/v1/tracks/7yQvxdXqotBSRCAYOIOGVt,https://api.spotify.com/v1/audio-analysis/7yQvxdXqotBSRCAYOIOGVt,0.5630428123163026,0.75,5
Self-empowering songs,5oyzWTv5qFAaerupNuXDln,Empowering,0.4901144640998959,0.16973570693061957,0.7272727272727273,0.8132668084410273,1.0,0.1802973977695167,1.0,0.8056426332288402,0.40428911834789505,0.3397636190734954,0.12042489414501106,audio_features,6SMHndqVp9ZdGmvzQu23ob,spotify:track:6SMHndqVp9ZdGmvzQu23ob,https://api.spotify.com/v1/tracks/6SMHndqVp9ZdGmvzQu23ob,https://api.spotify.com/v1/audio-analysis/6SMHndqVp9ZdGmvzQu23ob,0.5986852454401695,0.5,5
Empowering Breakup Songs,12kPjYo6GyCzamnpET3Xd9,Empowering,0.5230662504335761,0.14747163650194345,0.18181818181818182,0.46904138720759025,1.0,0.11524163568773227,0.9894179894179898,0.8652037617554855,0.3010325655281969,0.2718380654802337,0.6171612026109534,audio_features,3pfjdDVdlQzUjJaw75NvhE,spotify:track:3pfjdDVdlQzUjJaw75NvhE,https://api.spotify.com/v1/tracks/3pfjdDVdlQzUjJaw75NvhE,https://api.spotify.com/v1/audio-analysis/3pfjdDVdlQzUjJaw75NvhE,0.5559060463806992,0.75,5
Empowering Women ðŸ–•ðŸ¼,2oGEOBPiUafTwJIuKQi8JO,Empowering,0.708636836628512,0.25693664944293443,0.18181818181818182,0.6493947325372158,1.0,0.005576208178438735,0.9894179894179898,0.7115987460815045,0.2716441620333597,0.28949870941448175,0.2263208327532124,audio_features,5qowE02tRUQqFf3uTC8tgs,spotify:track:5qowE02tRUQqFf3uTC8tgs,https://api.spotify.com/v1/tracks/5qowE02tRUQqFf3uTC8tgs,https://api.spotify.com/v1/audio-analysis/5qowE02tRUQqFf3uTC8tgs,0.651027048508482,0.75,5
Lively Mix,37i9dQZF1EId8OvCw5ScAK,Lively,0.5698924731182796,0.14283328849596927,0.2727272727272727,0.8691722558481922,1.0,0.16356877323420083,0.9947089947089953,0.8777429467084636,0.36457505957108804,0.4375764162477924,0.1741672877372012,audio_features,391l8re8aew1rvyNOXUYDD,spotify:track:391l8re8aew1rvyNOXUYDD,https://api.spotify.com/v1/tracks/391l8re8aew1rvyNOXUYDD,https://api.spotify.com/v1/audio-analysis/391l8re8aew1rvyNOXUYDD,0.6771068776235066,0.75,10
Lively Jazz,26LIDbi4YyiLJKbC2roqZe,Lively,0.7780090183836282,0.1317012532816312,0.9090909090909092,0.8994356289874039,1.0,0.21375464684014878,0.9259259259259256,0.8589341692789967,0.27879269261318496,0.2881401983426165,0.14296361209162906,audio_features,6GRjlkZ7MxKtRC4jsJzQxv,spotify:track:6GRjlkZ7MxKtRC4jsJzQxv,https://api.spotify.com/v1/tracks/6GRjlkZ7MxKtRC4jsJzQxv,https://api.spotify.com/v1/audio-analysis/6GRjlkZ7MxKtRC4jsJzQxv,0.4504193470935479,0.75,10
blade ballz,1cebsWTOtutkCDtfRjRRlt,Lively,0.7519944502254596,0.24951529263337568,0.6363636363636364,0.8371503353508916,1.0,0.14498141263940523,0.9894179894179898,0.7836990595611288,0.3486894360603653,0.26368699904904225,0.10147337040646681,audio_features,0jFnlaavbGTER2XNnUztEF,spotify:track:0jFnlaavbGTER2XNnUztEF,https://api.spotify.com/v1/tracks/0jFnlaavbGTER2XNnUztEF,https://api.spotify.com/v1/audio-analysis/0jFnlaavbGTER2XNnUztEF,0.6308255300828759,0.5,10
lovely phonk ðŸ©· chill phonk 2024,0yHGKQwIeIB3JzBt3eZ7cb,Lively,0.7485258411377038,0.10665417404937058,0.18181818181818182,0.6348764927204318,1.0,0.5669144981412638,0.9947089947089953,0.7210031347962382,0.2930897537728355,0.27455508762396413,0.1357810337343674,audio_features,1mKHZDWICROPP1gmOg1mn2,spotify:track:1mKHZDWICROPP1gmOg1mn2,https://api.spotify.com/v1/tracks/1mKHZDWICROPP1gmOg1mn2,https://api.spotify.com/v1/audio-analysis/1mKHZDWICROPP1gmOg1mn2,0.9203116332596474,0.5,10
ðŸ­Lovely-BastardsðŸ­ â³1HRâ³,72tnjkx0hEpLEceqZYuVwV,Lively,0.6895594866458551,0.2745623718656363,0.4545454545454546,0.475871094389007,1.0,0.0780669144981413,0.9841269841269842,0.8620689655172411,0.3486894360603653,0.17538377937780195,0.5165395860803761,audio_features,6fHq66kBS2OJiWu3ZGNZj9,spotify:track:6fHq66kBS2OJiWu3ZGNZj9,https://api.spotify.com/v1/tracks/6fHq66kBS2OJiWu3ZGNZj9,https://api.spotify.com/v1/audio-analysis/6fHq66kBS2OJiWu3ZGNZj9,0.46679582391561725,0.75,10
Exciting Happy Mix,37i9dQZF1EIg65X9FWVODX,Excited,0.7519944502254596,0.3274395391337421,0.4545454545454546,0.9258956322591199,1.0,0.39219330855018586,0.9841269841269842,0.9090909090909092,0.3328038125496424,0.25825295476158133,0.18601813252962712,audio_features,6brQG7CUofzdsnNx3qssrh,spotify:track:6brQG7CUofzdsnNx3qssrh,https://api.spotify.com/v1/tracks/6brQG7CUofzdsnNx3qssrh,https://api.spotify.com/v1/audio-analysis/6brQG7CUofzdsnNx3qssrh,0.6960002649379465,0.5,7
Excited music ðŸ˜„ðŸ˜„ðŸ˜„,4C35sfXRCfx7kOLBLIqJAX,Excited,0.5195976413458203,0.07028952568253291,0.5454545454545454,0.525192213315884,1.0,0.19330855018587356,0.9841269841269842,0.6739811912225706,0.3407466243050039,0.08123896209754111,0.4901024561633402,audio_features,3IwddX0zjnQ7am17WdP66M,spotify:track:3IwddX0zjnQ7am17WdP66M,https://api.spotify.com/v1/tracks/3IwddX0zjnQ7am17WdP66M,https://api.spotify.com/v1/audio-analysis/3IwddX0zjnQ7am17WdP66M,0.38892062624707113,0.75,7
 IM SO EXCITED TO SEE YOU EXCITEDDD ðŸ˜»,40TyV1895jJpfPhHPXMlaH,Excited,0.7988206729101631,0.03986196276334221,0.0,0.40741043677408806,1.0,0.4944237918215614,0.9682539682539684,0.9404388714733543,0.39634630659253367,0.23787528868360278,0.39438661436024275,audio_features,4fG5KccAJKYk1EguGbGKt0,spotify:track:4fG5KccAJKYk1EguGbGKt0,https://api.spotify.com/v1/tracks/4fG5KccAJKYk1EguGbGKt0,https://api.spotify.com/v1/audio-analysis/4fG5KccAJKYk1EguGbGKt0,0.4638732271925684,0.75,7
EXCITED! Radio,37i9dQZF1E8M8E7QJFoGvQ,Excited,0.9705168227540756,0.38773806321140664,0.6363636363636364,0.8345738589890397,1.0,0.5130111524163569,0.9788359788359786,0.8683385579937304,0.39634630659253367,0.763619073495449,0.4903399644556556,audio_features,3ANR14gcrMm6asGMNVhivt,spotify:track:3ANR14gcrMm6asGMNVhivt,https://api.spotify.com/v1/tracks/3ANR14gcrMm6asGMNVhivt,https://api.spotify.com/v1/audio-analysis/3ANR14gcrMm6asGMNVhivt,0.6605482559631736,0.75,7
The Best Of Exists,17uV3Z5rPAcEEEA9PCBu8b,Excited,0.654873395768297,0.23374490941306342,0.09090909090909091,0.7676263700310813,1.0,0.17100371747211895,0.9735449735449739,0.9028213166144199,0.2930897537728355,0.21206357831816333,0.3111112931098025,audio_features,6MTI6CKlLOZapPzdT4zJLH,spotify:track:6MTI6CKlLOZapPzdT4zJLH,https://api.spotify.com/v1/tracks/6MTI6CKlLOZapPzdT4zJLH,https://api.spotify.com/v1/audio-analysis/6MTI6CKlLOZapPzdT4zJLH,0.38940082627522077,0.75,7
ðŸ‘¨ðŸ»â€ðŸ³STIRRING THE POTðŸ¥„,0NeWU63kIIAbRkdPV7ZipD,Stirring,0.42074228234477973,0.38217204560423756,1.0,0.7346229347292654,1.0,0.09479553903345728,0.947089947089947,0.6708463949843262,0.1556791104050833,0.313951908708056,0.9734564008484778,audio_features,3eGygw8GYEYWknt1JeZAQ1,spotify:track:3eGygw8GYEYWknt1JeZAQ1,https://api.spotify.com/v1/tracks/3eGygw8GYEYWknt1JeZAQ1,https://api.spotify.com/v1/audio-analysis/3eGygw8GYEYWknt1JeZAQ1,0.3285727296059876,0.75,20
staring at the ceiling lost in thought,40Twc1HSrOZg0P9KQOawe7,Stirring,0.5733610822060354,0.10572650444817573,0.0,0.4329707181416653,1.0,0.399628252788104,1.0,0.9247648902821317,0.39634630659253367,0.19032740116831953,0.6382830607447934,audio_features,47Dbe09uprsTUFezKfy594,spotify:track:47Dbe09uprsTUFezKfy594,https://api.spotify.com/v1/tracks/47Dbe09uprsTUFezKfy594,https://api.spotify.com/v1/audio-analysis/47Dbe09uprsTUFezKfy594,0.7947724431418327,0.75,20
Soothing stringsðŸŽ»,3w3MSTDQOJislWJVX4EZsW,Stirring,0.6999653139091225,0.5528632522240878,1.0,0.8147799770979878,1.0,0.25464684014869876,0.9841269841269842,0.8213166144200628,0.37251787132644953,0.8356201603043065,0.6276443272372874,audio_features,2BbH50TRv9Qel8dnaE06wm,spotify:track:2BbH50TRv9Qel8dnaE06wm,https://api.spotify.com/v1/tracks/2BbH50TRv9Qel8dnaE06wm,https://api.spotify.com/v1/audio-analysis/2BbH50TRv9Qel8dnaE06wm,0.6617156387902271,0.75,20
Classical Cooking,37i9dQZF1DXdLD1ufgw60J,Stirring,0.5265348595213319,0.35526962716958727,0.5454545454545454,0.48310976607230494,1.0,0.6431226765799257,0.9682539682539684,0.8746081504702192,0.3884034948371723,0.14142100258117107,0.5822638635228214,audio_features,6Xk5TR63iO5EAYfgi4Hjtl,spotify:track:6Xk5TR63iO5EAYfgi4Hjtl,https://api.spotify.com/v1/tracks/6Xk5TR63iO5EAYfgi4Hjtl,https://api.spotify.com/v1/audio-analysis/6Xk5TR63iO5EAYfgi4Hjtl,0.5906874311782285,0.5,20
UPPERROOM WORSHIP,5ypcQVK0TubrsnWnf7TWMu,Stirring,0.7780090183836282,0.23652791821664795,1.0,0.8105267462784231,1.0,0.26579925650557623,0.9841269841269842,0.9216300940438868,0.29150119142176323,0.3438391522890911,0.4678176263912663,audio_features,4QfPxrgEAfWt0DEjrR1CXw,spotify:track:4QfPxrgEAfWt0DEjrR1CXw,https://api.spotify.com/v1/tracks/4QfPxrgEAfWt0DEjrR1CXw,https://api.spotify.com/v1/audio-analysis/4QfPxrgEAfWt0DEjrR1CXw,0.7226430871894222,0.75,20
Rowdy Mix,37i9dQZF1EId5n5O9hpSZs,Rowdy,0.5959070412764481,0.29682644229431243,0.18181818181818182,0.7014968100768852,1.0,0.10780669144981414,0.9947089947089953,0.5987460815047023,0.36457505957108804,0.3655753294389349,0.05579806881188526,audio_features,58S5x2FRM1xU8Ufe2g0a2G,spotify:track:58S5x2FRM1xU8Ufe2g0a2G,https://api.spotify.com/v1/tracks/58S5x2FRM1xU8Ufe2g0a2G,https://api.spotify.com/v1/audio-analysis/58S5x2FRM1xU8Ufe2g0a2G,0.3939627265426425,0.75,14
Rowdy Country Mix,37i9dQZF1EIgGWaphQuGRJ,Rowdy,0.5525494276795005,0.13077358368043637,0.09090909090909091,0.6750777032553574,1.0,0.3029739776951673,0.9841269841269842,0.7742946708463951,0.273232724384432,0.20527102295883712,0.15929435467358982,audio_features,0X3mDFl8poPzyNQmrTe9fr,spotify:track:0X3mDFl8poPzyNQmrTe9fr,https://api.spotify.com/v1/tracks/0X3mDFl8poPzyNQmrTe9fr,https://api.spotify.com/v1/audio-analysis/0X3mDFl8poPzyNQmrTe9fr,0.9068577531606269,0.5,14
Rowdy Racks Radio,37i9dQZF1E4oZnp5ccQ3Ym,Rowdy,0.5178633368019424,0.690158353200924,0.36363636363636365,0.8017340094879766,1.0,0.15241635687732336,0.9841269841269842,0.8934169278996862,0.3328038125496424,0.3696508626545306,0.49160121538726137,audio_features,7IrrIzxSk3OO48hW6dpEus,spotify:track:7IrrIzxSk3OO48hW6dpEus,https://api.spotify.com/v1/tracks/7IrrIzxSk3OO48hW6dpEus,https://api.spotify.com/v1/audio-analysis/7IrrIzxSk3OO48hW6dpEus,0.31902668421880553,0.75,14
rowdy roadtrip ðŸš™ car music 2024,19XeeyYSJh9tieiRxLFSQq,Rowdy,0.5785639958376692,0.05173613365863615,0.5454545454545454,0.8731392115164403,1.0,0.3401486988847583,0.9841269841269842,0.9467084639498431,0.3089753772835583,0.32346148621111265,0.050138819501887755,audio_features,7iTKgLh1OzQHw1TwYFSMGa,spotify:track:7iTKgLh1OzQHw1TwYFSMGa,https://api.spotify.com/v1/tracks/7iTKgLh1OzQHw1TwYFSMGa,https://api.spotify.com/v1/audio-analysis/7iTKgLh1OzQHw1TwYFSMGa,0.5053111778975518,0.75,14
ðŸ‘‘Rowdyism ðŸ¤™,656s2SoH9FZ60ASER94eKV,Rowdy,0.7329171002428027,0.6057404194921937,0.4545454545454546,0.9272861115655161,0.0,0.9869888475836429,1.0,0.6081504702194356,0.3407466243050039,1.0,0.5519119417531388,audio_features,7J9IGMMsPyzWh2trBv6OQT,spotify:track:7J9IGMMsPyzWh2trBv6OQT,https://api.spotify.com/v1/tracks/7J9IGMMsPyzWh2trBv6OQT,https://api.spotify.com/v1/audio-analysis/7J9IGMMsPyzWh2trBv6OQT,0.5116779679259497,0.75,14
Sentimental Mix,37i9dQZF1EIgT2G8KHqjrj,Sentimental,0.8109608047173085,0.3487759399612234,0.9090909090909092,0.9148535907083265,1.0,0.4665427509293679,0.9841269841269842,0.849529780564263,0.3010325655281969,0.22293166689308522,0.258851278859305,audio_features,4QB9QRh9xUuqKTXX9JBqyZ,spotify:track:4QB9QRh9xUuqKTXX9JBqyZ,https://api.spotify.com/v1/tracks/4QB9QRh9xUuqKTXX9JBqyZ,https://api.spotify.com/v1/audio-analysis/4QB9QRh9xUuqKTXX9JBqyZ,0.47042216205923004,0.5,16
Sentimental Music ðŸ˜©,2MPJkQa83eZjRKh1FtpmjC,Sentimental,0.5577523413111343,0.23374490941306342,0.5454545454545454,0.873302797317193,0.0,0.07249070631970256,0.9735449735449739,0.7523510971786833,0.3884034948371723,0.1808178236652629,0.4984889558644073,audio_features,5jJodZ6zXjMdAgumEyVKb1,spotify:track:5jJodZ6zXjMdAgumEyVKb1,https://api.spotify.com/v1/tracks/5jJodZ6zXjMdAgumEyVKb1,https://api.spotify.com/v1/audio-analysis/5jJodZ6zXjMdAgumEyVKb1,0.5014861362940147,0.75,16
sentimental ðŸ¤,0VuFf4HzTLDMrFm8UDCls5,Sentimental,0.963579604578564,0.19942113416885443,0.5454545454545454,0.8935056437101261,1.0,0.2565055762081784,1.0,0.7962382445141065,0.3804606830818109,0.5924466784404293,0.1875168917535482,audio_features,6cq7PaFrHOyOVzNyFBTCoX,spotify:track:6cq7PaFrHOyOVzNyFBTCoX,https://api.spotify.com/v1/tracks/6cq7PaFrHOyOVzNyFBTCoX,https://api.spotify.com/v1/audio-analysis/6cq7PaFrHOyOVzNyFBTCoX,0.3494945480738182,0.5,16
Sentimentale Lieder,0MnhMjc1b4xdJYAHoqtMEL,Sentimental,0.44675685050294833,0.18643375975212667,0.0,0.6262473417307377,1.0,0.15241635687732336,0.9841269841269842,0.7899686520376177,0.9999999999999998,0.15364760222795817,0.1305640412445434,audio_features,61PEtXxbmpaVQDRNxcE0IJ,spotify:track:61PEtXxbmpaVQDRNxcE0IJ,https://api.spotify.com/v1/tracks/61PEtXxbmpaVQDRNxcE0IJ,https://api.spotify.com/v1/audio-analysis/61PEtXxbmpaVQDRNxcE0IJ,0.26906932266958095,0.75,16
SENTIMENTAL LOVE SONGS ðŸ’•ðŸŽµðŸŽ¶,1iBJ5RzJAeRuXn5USMKXxK,Sentimental,0.7467915365938259,0.10294349564459122,0.18181818181818182,0.610134140356617,1.0,0.4442379182156133,1.0,0.9467084639498431,0.36457505957108804,0.15228909115609293,0.4917650142095478,audio_features,38GNL3kBcQafMTKT5tom7c,spotify:track:38GNL3kBcQafMTKT5tom7c,https://api.spotify.com/v1/tracks/38GNL3kBcQafMTKT5tom7c,https://api.spotify.com/v1/audio-analysis/38GNL3kBcQafMTKT5tom7c,0.3893428710994097,0.5,16
Sophisticated Mix,37i9dQZF1EIhq08zOdno65,Sophisticated,0.4849115504682622,0.8265257845765652,0.8181818181818182,0.8143710125961066,1.0,0.13568773234200748,0.9682539682539684,0.8150470219435739,0.2597299444003176,0.19847846759951093,0.35081612763204234,audio_features,597H3V2av5dnxNcIDa4Yrk,spotify:track:597H3V2av5dnxNcIDa4Yrk,https://api.spotify.com/v1/tracks/597H3V2av5dnxNcIDa4Yrk,https://api.spotify.com/v1/audio-analysis/597H3V2av5dnxNcIDa4Yrk,0.4031610408749574,0.5,19
Sophisticated Dinner Party ðŸ·,6PyMJuSO2Xb4pCH9boKL4P,Sophisticated,0.543877904960111,0.6307874987244543,0.18181818181818182,0.9137084901030591,1.0,0.5724907063197026,0.9947089947089953,0.8746081504702192,0.37251787132644953,0.42399130552914005,0.3309391405475794,audio_features,04i9TIi97Aoh1xjrCCM0aI,spotify:track:04i9TIi97Aoh1xjrCCM0aI,https://api.spotify.com/v1/tracks/04i9TIi97Aoh1xjrCCM0aI,https://api.spotify.com/v1/audio-analysis/04i9TIi97Aoh1xjrCCM0aI,0.4309132907776755,0.75,19
Sophisticated Classical Mix,37i9dQZF1EIdHMiavdu5NK,Sophisticated,0.6132500867152272,0.34413759195524923,0.36363636363636365,0.9573041060035988,1.0,0.2193308550185873,0.9417989417989423,0.9184952978056424,0.3010325655281969,0.14006249150930583,0.755505687914104,audio_features,4zLErnaWoRXh91YcWZ2LKy,spotify:track:4zLErnaWoRXh91YcWZ2LKy,https://api.spotify.com/v1/tracks/4zLErnaWoRXh91YcWZ2LKy,https://api.spotify.com/v1/audio-analysis/4zLErnaWoRXh91YcWZ2LKy,0.2672727122194348,0.5,19
Jazz Playlist Sophisticates Mix,37i9dQZF1EIZ9Pbs9R3ko1,Sophisticated,0.5750953867499133,0.391448741616186,0.09090909090909091,0.8209553410763946,1.0,0.30855018587360583,0.9735449735449739,0.9216300940438868,0.6743447180301825,0.18217633473712813,0.09522444533623803,audio_features,5cm73dj9ydNYALjjUOVPhu,spotify:track:5cm73dj9ydNYALjjUOVPhu,https://api.spotify.com/v1/tracks/5cm73dj9ydNYALjjUOVPhu,https://api.spotify.com/v1/audio-analysis/5cm73dj9ydNYALjjUOVPhu,0.45381386453391614,0.75,19
Get SophisticaTED,4Hzo54mdjAqRQaZLucsSUD,Sophisticated,0.34790149150190774,0.10850951325176027,0.2727272727272727,0.5324717814493702,1.0,0.4553903345724907,0.9735449735449739,0.8746081504702192,0.2692613185067514,0.43214237196033145,0.3960082227008788,audio_features,42cskWMuFydbI9f9um1sTj,spotify:track:42cskWMuFydbI9f9um1sTj,https://api.spotify.com/v1/tracks/42cskWMuFydbI9f9um1sTj,https://api.spotify.com/v1/audio-analysis/42cskWMuFydbI9f9um1sTj,0.300398234850931,1.0,19
slow and sensual,3zAJyN1T2PWH8OxfpdslXh,Sensual,0.7606659729448492,0.2040594821748286,0.09090909090909091,0.8474153443481105,1.0,0.20446096654275092,0.9788359788359786,0.8401253918495297,0.16759332803812543,0.4199157723135444,0.19264379489111466,audio_features,3JWltf5Em6j7uhJhSNFneD,spotify:track:3JWltf5Em6j7uhJhSNFneD,https://api.spotify.com/v1/tracks/3JWltf5Em6j7uhJhSNFneD,https://api.spotify.com/v1/audio-analysis/3JWltf5Em6j7uhJhSNFneD,0.6778934121523724,0.75,15
Intimate Mix,37i9dQZF1EIezsjbBIGVXa,Sensual,0.5143947277141866,0.6001744018850246,0.09090909090909091,0.9625388516276787,1.0,0.0,0.9365079365079367,0.8338557993730409,0.3804606830818109,0.4375764162477924,0.212176804448776,audio_features,0kpHSnJTru2qYTk0WFDsyA,spotify:track:0kpHSnJTru2qYTk0WFDsyA,https://api.spotify.com/v1/tracks/0kpHSnJTru2qYTk0WFDsyA,https://api.spotify.com/v1/audio-analysis/0kpHSnJTru2qYTk0WFDsyA,0.4090641894968662,0.75,15
Sensual Songs ðŸ’ž,7ebQdxl0t7c8kr2nwFxOaJ,Sensual,0.7710718002081166,0.1409779492935796,0.8181818181818182,0.666653034516604,0.0,0.570631970260223,0.9682539682539684,0.8150470219435739,0.9682287529785543,0.4593125933976362,0.6631477219678792,audio_features,6zo1cdRzbCvGZmJVJEk8TS,spotify:track:6zo1cdRzbCvGZmJVJEk8TS,https://api.spotify.com/v1/tracks/6zo1cdRzbCvGZmJVJEk8TS,https://api.spotify.com/v1/audio-analysis/6zo1cdRzbCvGZmJVJEk8TS,0.35835341066209636,0.75,15
Sensual Lofi for Intimacy,1WaopApISE1aAT83aIYKRw,Sensual,0.4953173777315296,0.5704889746467898,0.2727272727272727,0.8193194830688697,1.0,0.10966542750929376,0.8888888888888893,0.8401253918495297,0.4281175536139793,0.08314087759815245,0.4961138729412536,audio_features,5IevvlxHT4pygUgmZlxhNy,spotify:track:5IevvlxHT4pygUgmZlxhNy,https://api.spotify.com/v1/tracks/5IevvlxHT4pygUgmZlxhNy,https://api.spotify.com/v1/audio-analysis/5IevvlxHT4pygUgmZlxhNy,0.40492453408178297,0.75,15
Sensual Tantra Beats,7d3iF0xQv8mfr78gETCLIr,Sensual,0.8491155046826224,0.14468862769835897,0.6363636363636364,0.8022656633404219,1.0,0.13382899628252787,0.9947089947089953,0.677115987460815,0.3884034948371723,0.3356880858578998,0.18167746373903565,audio_features,4BLjftEzGWk5hqVdcWbRPM,spotify:track:4BLjftEzGWk5hqVdcWbRPM,https://api.spotify.com/v1/tracks/4BLjftEzGWk5hqVdcWbRPM,https://api.spotify.com/v1/audio-analysis/4BLjftEzGWk5hqVdcWbRPM,0.5905715208266064,0.5,15
Fiery mixðŸ”¥,6VunLz8ZckD0E54pZQVwZl,Fiery,0.8057578910856747,0.09366679963264285,0.09090909090909091,0.4815557009651561,1.0,0.04275092936802971,0.9947089947089953,0.849529780564263,0.2597299444003176,0.33840510800163026,0.3558693212995799,audio_features,5w3O0ONMHCM9YmTS96fplL,spotify:track:5w3O0ONMHCM9YmTS96fplL,https://api.spotify.com/v1/tracks/5w3O0ONMHCM9YmTS96fplL,https://api.spotify.com/v1/audio-analysis/5w3O0ONMHCM9YmTS96fplL,0.34524726161794284,0.0,8
The Fiery Priest OST,0iubeUndw2oTLuyHCkIR7F,Fiery,0.45542837322233787,0.30888614710984535,0.6363636363636364,0.7040732864387371,1.0,0.4553903345724907,0.9682539682539684,0.8808777429467085,0.19936457505957106,0.09659013720961826,0.03676464566219767,audio_features,4k8N1HD7vWq4Hg02QfnesO,spotify:track:4k8N1HD7vWq4Hg02QfnesO,https://api.spotify.com/v1/tracks/4k8N1HD7vWq4Hg02QfnesO,https://api.spotify.com/v1/audio-analysis/4k8N1HD7vWq4Hg02QfnesO,0.4224021592442645,1.0,8
Fiery,1vfO3Bim97BwtCsmMgiMSy,Fiery,0.45195976413458205,0.5686336354444002,0.36363636363636365,0.7873384590217569,1.0,0.13197026022304836,0.9365079365079367,0.8025078369905958,0.15011914217633038,0.3805189512294525,0.3523148868559634,audio_features,7JuANIIOksqHRFXgE8tEld,spotify:track:7JuANIIOksqHRFXgE8tEld,https://api.spotify.com/v1/tracks/7JuANIIOksqHRFXgE8tEld,https://api.spotify.com/v1/audio-analysis/7JuANIIOksqHRFXgE8tEld,0.2841873442454649,0.5,8
FieryðŸŒŽ,6McPFSns0U3UtLUgUBeBgv,Fiery,0.5091918140825529,0.11129252205534478,0.09090909090909091,0.684197611647309,1.0,0.18215613382899631,0.9629629629629628,0.7993730407523514,0.2382843526608419,0.2419508218991985,0.19818838502551167,audio_features,1f12vrnCzIvlJ4zyCDTYvp,spotify:track:1f12vrnCzIvlJ4zyCDTYvp,https://api.spotify.com/v1/tracks/1f12vrnCzIvlJ4zyCDTYvp,https://api.spotify.com/v1/audio-analysis/1f12vrnCzIvlJ4zyCDTYvp,0.5059652434531349,0.5,8
fiery,4bh3zZm7Eh4xbsrxuQOjIl,Fiery,0.6305931321540063,0.2374555878178428,0.18181818181818182,0.7073450024537871,1.0,0.21747211895910779,0.9735449735449739,0.915360501567398,0.3486894360603653,0.19983697867137618,0.31403510208761604,audio_features,0Q2cbRo8CSarvKg6rGc4iK,spotify:track:0Q2cbRo8CSarvKg6rGc4iK,https://api.spotify.com/v1/tracks/0Q2cbRo8CSarvKg6rGc4iK,https://api.spotify.com/v1/audio-analysis/0Q2cbRo8CSarvKg6rGc4iK,0.5404982489257594,0.75,8
Energizing Morning Upbeat Mix,37i9dQZF1EIgFBbAYQ3fO0,Energizing,0.7728061047519945,1.0,0.4545454545454546,1.0,1.0,0.1189591078066915,0.8783068783068781,0.9435736677115987,0.37251787132644953,0.34519766336095636,0.39800656833277365,audio_features,5VKVUectaKrr9Mq9m3fnWT,spotify:track:5VKVUectaKrr9Mq9m3fnWT,https://api.spotify.com/v1/tracks/5VKVUectaKrr9Mq9m3fnWT,https://api.spotify.com/v1/audio-analysis/5VKVUectaKrr9Mq9m3fnWT,0.33724944735600204,0.5,6
Energizing Workout Mix,37i9dQZF1EIdHi5fZPBwVp,Energizing,0.7433229275060701,0.1456162972995538,0.36363636363636365,0.8972272206772451,1.0,0.15055762081784396,0.9788359788359786,0.7554858934169282,0.3407466243050039,0.38187746230131775,0.21255354174003488,audio_features,6FLe5vn84JPgAAiKz6ofkX,spotify:track:6FLe5vn84JPgAAiKz6ofkX,https://api.spotify.com/v1/tracks/6FLe5vn84JPgAAiKz6ofkX,https://api.spotify.com/v1/audio-analysis/6FLe5vn84JPgAAiKz6ofkX,0.5319126035948766,0.5,6
Energetic Mix,37i9dQZF1EIcVD7Tg8a0MY,Energizing,0.524800554977454,0.5333821905989963,0.7272727272727273,0.7186324227057093,1.0,0.13197026022304836,0.9682539682539684,0.7711598746081507,0.35663224781572667,0.31259339763619076,0.7139826864644845,audio_features,1tPeUoPyQkH8xvr9MqMXT3,spotify:track:1tPeUoPyQkH8xvr9MqMXT3,https://api.spotify.com/v1/tracks/1tPeUoPyQkH8xvr9MqMXT3,https://api.spotify.com/v1/audio-analysis/1tPeUoPyQkH8xvr9MqMXT3,0.40285470637424126,0.75,6
Energizing Focus Mix,37i9dQZF1EIhbpppAbaF3s,Energizing,0.4640998959417274,0.37104001038989953,0.5454545454545454,0.6769180435138229,1.0,0.18959107806691444,0.9788359788359786,0.8620689655172411,0.48371723590150906,0.29085722048634693,0.21906454492592192,audio_features,4U9X7vhbPaRiYihnQOSyj5,spotify:track:4U9X7vhbPaRiYihnQOSyj5,https://api.spotify.com/v1/tracks/4U9X7vhbPaRiYihnQOSyj5,https://api.spotify.com/v1/audio-analysis/4U9X7vhbPaRiYihnQOSyj5,0.2879792686056811,1.0,6
Energy Booster: Pop,37i9dQZF1DX0vHZ8elq0UK,Energizing,0.6496704821366632,0.21797452619275118,0.5454545454545454,0.6687387534761982,1.0,0.21561338289962817,0.9894179894179898,0.849529780564263,0.26846703733121513,0.1740252683059367,0.5096272757798872,audio_features,4EIbWNNAT3TqvzflNhGKyU,spotify:track:4EIbWNNAT3TqvzflNhGKyU,https://api.spotify.com/v1/tracks/4EIbWNNAT3TqvzflNhGKyU,https://api.spotify.com/v1/audio-analysis/4EIbWNNAT3TqvzflNhGKyU,0.49825720507024995,0.75,6
Melancholy Mix,37i9dQZF1EIgrEQA5FONTg,Melancholy,0.6080471730835935,0.8098277317550581,0.0,0.8283167021102569,1.0,0.11710037174721188,0.9894179894179898,0.849529780564263,0.25019857029388404,0.23379975546800705,0.4274739764621092,audio_features,7yplIuBnFYA8eUje0Vi0UP,spotify:track:7yplIuBnFYA8eUje0Vi0UP,https://api.spotify.com/v1/tracks/7yplIuBnFYA8eUje0Vi0UP,https://api.spotify.com/v1/audio-analysis/7yplIuBnFYA8eUje0Vi0UP,0.3694890837286703,0.5,11
sad instrumentals,37i9dQZF1DWZrc3lwvImLj,Melancholy,0.4571626777662158,0.06732098295870943,0.0,0.7443971863242271,1.0,0.1394052044609665,0.9629629629629628,0.677115987460815,0.5631453534551232,0.19847846759951093,0.35919443739199514,audio_features,67ntAUXUgYdO3YUt04zk5E,spotify:track:67ntAUXUgYdO3YUt04zk5E,https://api.spotify.com/v1/tracks/67ntAUXUgYdO3YUt04zk5E,https://api.spotify.com/v1/audio-analysis/67ntAUXUgYdO3YUt04zk5E,0.36751032844026066,0.75,11
Melancholic Solitude ,0aj82CtYGkX76DzBYFJC1V,Melancholy,0.63579604578564,0.2281788918058944,0.7272727272727273,0.9257320464583675,1.0,0.13568773234200748,0.9576719576719581,0.8338557993730409,0.3486894360603653,0.30580084227686455,0.24220931851499988,audio_features,1xR0V8wNOmGjNd9L6lo7wM,spotify:track:1xR0V8wNOmGjNd9L6lo7wM,https://api.spotify.com/v1/tracks/1xR0V8wNOmGjNd9L6lo7wM,https://api.spotify.com/v1/audio-analysis/1xR0V8wNOmGjNd9L6lo7wM,0.7868077461232127,0.75,11
melancholy,2hlyx7rKkXKWzG0AXIi2VQ,Melancholy,0.5924384321886924,0.6818093267901705,1.0,0.8431212170783575,1.0,0.120817843866171,0.9841269841269842,0.8401253918495297,0.21922160444797456,0.5340307023502242,0.501265345902163,audio_features,2doa89JBg5ZXBKcMNZnIu2,spotify:track:2doa89JBg5ZXBKcMNZnIu2,https://api.spotify.com/v1/tracks/2doa89JBg5ZXBKcMNZnIu2,https://api.spotify.com/v1/audio-analysis/2doa89JBg5ZXBKcMNZnIu2,0.4132038449119494,0.75,11
Melancholy Sad Mix,37i9dQZF1EIeODNDegVpao,Melancholy,0.6774193548387097,0.2105531693831925,0.4545454545454546,0.8703582529036478,1.0,0.1394052044609665,0.9735449735449739,0.5454545454545454,0.31691818903891966,0.11696780328759679,0.2065421249621215,audio_features,3Q1HOPyyOPygEkiF5j8TDL,spotify:track:3Q1HOPyyOPygEkiF5j8TDL,https://api.spotify.com/v1/tracks/3Q1HOPyyOPygEkiF5j8TDL,https://api.spotify.com/v1/audio-analysis/3Q1HOPyyOPygEkiF5j8TDL,0.3359578748664961,0.5,11
Cool Mix,37i9dQZF1EIgxKdLJJp5UP,Cool,0.45542837322233787,0.1753017245377886,0.7272727272727273,0.8054555864550956,1.0,0.044609665427509326,0.9788359788359786,0.8181818181818183,0.36457505957108804,0.16179866865914957,0.9439726128369137,audio_features,5HbLcDxxjtJ0800p6RjoeH,spotify:track:5HbLcDxxjtJ0800p6RjoeH,https://api.spotify.com/v1/tracks/5HbLcDxxjtJ0800p6RjoeH,https://api.spotify.com/v1/audio-analysis/5HbLcDxxjtJ0800p6RjoeH,0.31467176672213804,0.5,2
Cool songs for boysðŸ˜ŽâœŒ,3df4an5BbUvaLxcA6ttvZ9,Cool,0.5907041276448145,0.17159104613300927,0.9090909090909092,0.723867168329789,1.0,0.16914498141263934,0.947089947089947,0.8056426332288402,0.3486894360603653,0.267762532264638,0.19820476490774036,audio_features,6rvmhiAd5jtT5CzLIcnj4p,spotify:track:6rvmhiAd5jtT5CzLIcnj4p,https://api.spotify.com/v1/tracks/6rvmhiAd5jtT5CzLIcnj4p,https://api.spotify.com/v1/audio-analysis/6rvmhiAd5jtT5CzLIcnj4p,0.2446701936530803,0.0,2
cool and hype songs for boys!,47VjIQH0ro28kwsFM38CGw,Cool,0.6652792230315644,0.08336966705938013,0.6363636363636364,0.7946589236054311,1.0,0.26765799256505585,0.9735449735449739,0.8934169278996862,0.3328038125496424,0.08612960195625596,0.5980540699912369,audio_features,3c2mI16b5l3zEPNsNdWqSf,spotify:track:3c2mI16b5l3zEPNsNdWqSf,https://api.spotify.com/v1/tracks/3c2mI16b5l3zEPNsNdWqSf,https://api.spotify.com/v1/audio-analysis/3c2mI16b5l3zEPNsNdWqSf,0.6762789465404898,1.0,2
Cool Jazz,37i9dQZF1DX6fO1VvuMVL0,Cool,0.6409989594172737,0.3784613671994583,0.8181818181818182,0.7217405529200065,0.0,0.11710037174721188,0.947089947089947,0.846394984326019,0.3010325655281969,0.1740252683059367,0.07087575040335453,audio_features,0uSyj4g5Qh5zCcbyMJufbY,spotify:track:0uSyj4g5Qh5zCcbyMJufbY,https://api.spotify.com/v1/tracks/0uSyj4g5Qh5zCcbyMJufbY,https://api.spotify.com/v1/audio-analysis/0uSyj4g5Qh5zCcbyMJufbY,0.25900168070009844,0.5,2
Cruel Summer!!!!,32QYiPYXnAn1QI5OEK2x2b,Cool,0.6982310093652446,0.2838390678775847,0.2727272727272727,0.8583755929985277,1.0,0.2434944237918215,0.9894179894179898,0.8683385579937304,0.3486894360603653,0.21749762260562425,0.12891786308056435,audio_features,0WM2fu4FoREAkHiD25SAOj,spotify:track:0WM2fu4FoREAkHiD25SAOj,https://api.spotify.com/v1/tracks/0WM2fu4FoREAkHiD25SAOj,https://api.spotify.com/v1/audio-analysis/0WM2fu4FoREAkHiD25SAOj,0.448390915940157,0.75,2
Somber Mix,37i9dQZF1EIhhiPxQPfbwu,Somber,0.47624002774887275,0.08188539569746839,0.0,0.7110256829707182,1.0,0.7304832713754646,0.9894179894179898,0.8119122257053291,0.35663224781572667,0.32346148621111265,0.1210637095519283,audio_features,6OIKgnO4zehihKR2ba6vlm,spotify:track:6OIKgnO4zehihKR2ba6vlm,https://api.spotify.com/v1/tracks/6OIKgnO4zehihKR2ba6vlm,https://api.spotify.com/v1/audio-analysis/6OIKgnO4zehihKR2ba6vlm,0.8861594760852106,0.75,18
melodies for a somber soul,7MDdcwtTjefswjRs3J836T,Somber,0.34790149150190774,0.09459446923383767,0.7272727272727273,0.6046949124815966,1.0,0.2416356877323419,0.9788359788359786,0.7648902821316614,0.41223193010325654,0.11289227007200112,0.24193086051711282,audio_features,1DeFsFITQCaI7J881M33W9,spotify:track:1DeFsFITQCaI7J881M33W9,https://api.spotify.com/v1/tracks/1DeFsFITQCaI7J881M33W9,https://api.spotify.com/v1/audio-analysis/1DeFsFITQCaI7J881M33W9,0.746446105826151,1.0,18
Somber Instrumental,1njwtnGo6L7F54qcJMuuKS,Somber,0.3097467915365938,0.09181146043025316,0.09090909090909091,0.6955668247996074,1.0,0.2230483271375464,0.894179894179894,0.7554858934169282,0.2779984114376489,0.12919440293438395,0.993914873752058,audio_features,2t9Fi5LCyFyha1EfaPqVD9,spotify:track:2t9Fi5LCyFyha1EfaPqVD9,https://api.spotify.com/v1/tracks/2t9Fi5LCyFyha1EfaPqVD9,https://api.spotify.com/v1/audio-analysis/2t9Fi5LCyFyha1EfaPqVD9,0.38850666070556283,0.75,18
Sad / Somber Piano and Strings,5YGEPgdV66IBrkxk5bKZKc,Somber,0.7537287547693375,0.5667782962420105,0.2727272727272727,0.9409864223785375,1.0,0.35315985130111527,0.9576719576719581,0.8746081504702192,0.3884034948371723,0.28678168727075126,0.19265198483222906,audio_features,5aqsEPDq44asJ3eJDlYq1F,spotify:track:5aqsEPDq44asJ3eJDlYq1F,https://api.spotify.com/v1/tracks/5aqsEPDq44asJ3eJDlYq1F,https://api.spotify.com/v1/audio-analysis/5aqsEPDq44asJ3eJDlYq1F,0.3867100502554167,0.75,18
Mood: Somber,5N5w6WFXigWqZMLzVo6rdh,Somber,0.5421436004162331,0.6947967012068982,0.2727272727272727,0.5880091608048421,0.0,0.022304832713754608,0.9629629629629628,0.7554858934169282,0.0,0.6576552098899606,0.7377089458726793,audio_features,0y7I045qDUH1carkgTB2UG,spotify:track:0y7I045qDUH1carkgTB2UG,https://api.spotify.com/v1/tracks/0y7I045qDUH1carkgTB2UG,https://api.spotify.com/v1/audio-analysis/0y7I045qDUH1carkgTB2UG,0.5653361814162589,0.75,18
Gritty Mix,37i9dQZF1EIhw615TEmRXK,Gritty,0.8213666319805759,0.09181146043025316,0.5454545454545454,0.7195730410600361,1.0,0.15241635687732336,0.9947089947089953,0.8620689655172411,0.19777601270849865,0.6101073223746774,0.13712418407711652,audio_features,7jUgBIVfc6C2YfFqFmETxz,spotify:track:7jUgBIVfc6C2YfFqFmETxz,https://api.spotify.com/v1/tracks/7jUgBIVfc6C2YfFqFmETxz,https://api.spotify.com/v1/audio-analysis/7jUgBIVfc6C2YfFqFmETxz,0.9000604389690602,0.75,9
Gritty Outlaw Country,69DuHrVHflBOYGXbBtd4b1,Gritty,0.4970516822754075,0.30888614710984535,0.6363636363636364,0.6636675936528709,1.0,0.09107806691449816,0.9788359788359786,0.7899686520376177,0.18983320095313727,0.28270615405515553,0.3505212897519267,audio_features,0Y8MBkgAK872pVX48wWpL5,spotify:track:0Y8MBkgAK872pVX48wWpL5,https://api.spotify.com/v1/tracks/0Y8MBkgAK872pVX48wWpL5,https://api.spotify.com/v1/audio-analysis/0Y8MBkgAK872pVX48wWpL5,0.43907669125621973,0.5,9
Gritty blues & rock,4QB5WyRXh6FebC3MhD44Iw,Gritty,0.3947277141866111,0.6910860228021188,0.09090909090909091,0.663381318501554,1.0,0.2211895910780669,0.9841269841269842,0.7115987460815045,0.3407466243050039,0.5122945252003803,0.29758970033005466,audio_features,3cn7PHrN7FdhOrH2wqPeKe,spotify:track:3cn7PHrN7FdhOrH2wqPeKe,https://api.spotify.com/v1/tracks/3cn7PHrN7FdhOrH2wqPeKe,https://api.spotify.com/v1/audio-analysis/3cn7PHrN7FdhOrH2wqPeKe,0.5894620931753639,0.75,9
GRIDDY ðŸ§ªðŸ’‰,0IW0JqIhbey9b6O3r5LrUr,Gritty,0.4450225459590704,0.247659953430986,0.36363636363636365,0.7687714706363487,1.0,0.05762081784386619,0.9629629629629628,0.7021943573667713,0.3328038125496424,0.2188561336774895,0.3160907773073112,audio_features,7zVpXNJWZTx9VFGsASdvDb,spotify:track:7zVpXNJWZTx9VFGsASdvDb,https://api.spotify.com/v1/tracks/7zVpXNJWZTx9VFGsASdvDb,https://api.spotify.com/v1/audio-analysis/7zVpXNJWZTx9VFGsASdvDb,0.5463434423718568,0.75,9
,0OlJl5lVHusBGwFJLIobg8,Gritty,0.6340617412417621,0.06296093583309369,0.9090909090909092,0.7848437755602813,1.0,0.30855018587360583,0.9841269841269842,0.896551724137931,0.3328038125496424,0.21478060046189376,0.2059852089663476,audio_features,3SV20Qhy0Ttd1f8fIZQiUT,spotify:track:3SV20Qhy0Ttd1f8fIZQiUT,https://api.spotify.com/v1/tracks/3SV20Qhy0Ttd1f8fIZQiUT,https://api.spotify.com/v1/audio-analysis/3SV20Qhy0Ttd1f8fIZQiUT,0.3531788413932423,0.0,9
Yearning Mix,37i9dQZF1EIdn1BABlgnzi,Yearning,0.42594519597641345,0.3246565303301576,0.5454545454545454,0.7625961066579421,0.0,0.1022304832713754,0.9153439153439153,0.7554858934169282,0.27561556791104036,0.15772313544355387,0.8662009320152988,audio_features,3ZvBA6TQA4CTOZNOyxou90,spotify:track:3ZvBA6TQA4CTOZNOyxou90,https://api.spotify.com/v1/tracks/3ZvBA6TQA4CTOZNOyxou90,https://api.spotify.com/v1/audio-analysis/3ZvBA6TQA4CTOZNOyxou90,0.35411440351705126,0.5,24
yearning but it feels good,1EcSy7ZjbJMFsBpTZQHODM,Yearning,0.2785293097467916,0.028915461469243117,0.4545454545454546,0.3225503026337313,1.0,0.49256505576208187,0.9894179894179898,0.8714733542319748,0.24225575853852255,0.4919168591224019,0.13438874374493243,audio_features,6eir7TDacjXjFscPxDFHC4,spotify:track:6eir7TDacjXjFscPxDFHC4,https://api.spotify.com/v1/tracks/6eir7TDacjXjFscPxDFHC4,https://api.spotify.com/v1/audio-analysis/6eir7TDacjXjFscPxDFHC4,0.8978912595315566,0.5,24
yearning rotting yearning rotting,3Gcwm4Rx8qTynUiVjalfGg,Yearning,0.7485258411377038,0.29218809428833825,0.2727272727272727,0.8826271879600851,0.0,0.36802973977695164,0.9947089947089953,0.8996865203761755,0.3328038125496424,0.3044423312049993,0.1770010073627571,audio_features,49VzYsJHrITQOn28WBMztb,spotify:track:49VzYsJHrITQOn28WBMztb,https://api.spotify.com/v1/tracks/49VzYsJHrITQOn28WBMztb,https://api.spotify.com/v1/audio-analysis/49VzYsJHrITQOn28WBMztb,0.2843032545970873,0.75,24
Yearning,70wbeBfMbY3zk6PwesOdbV,Yearning,0.6427332639611516,0.37382301919348404,0.18181818181818182,0.8699083919515787,1.0,0.059479553903345694,0.9788359788359786,0.7460815047021945,0.2565528196981731,0.1319114250781144,0.217623115289801,audio_features,0eMa3P0kQJjYqguUgKFt4y,spotify:track:0eMa3P0kQJjYqguUgKFt4y,https://api.spotify.com/v1/tracks/0eMa3P0kQJjYqguUgKFt4y,https://api.spotify.com/v1/audio-analysis/0eMa3P0kQJjYqguUgKFt4y,0.4701820620451552,0.75,24
Yearning Rock-Ish Mix,37i9dQZF1EIhnweeZRNOON,Yearning,1.0,0.10387116524578607,0.5454545454545454,0.7897513495828561,1.0,0.32899628252788105,1.0,0.9310344827586206,0.3407466243050039,0.6128243445184078,0.24086616817225087,audio_features,7F6hlMdM7OrUw8C1W4pjAC,spotify:track:7F6hlMdM7OrUw8C1W4pjAC,https://api.spotify.com/v1/tracks/7F6hlMdM7OrUw8C1W4pjAC,https://api.spotify.com/v1/audio-analysis/7F6hlMdM7OrUw8C1W4pjAC,0.2859011615873094,0.5,24
SERIOUS MODE ðŸ”±,4L7IOCrBhmDiZrXTFtiFr1,Serious,0.15192507804370445,0.01648468881323228,0.2727272727272727,0.34128087681989183,1.0,0.21189591078066916,0.8994708994708995,0.9028213166144199,0.3486894360603653,0.004211384322782237,0.6866774227893302,audio_features,55YaGVtmlMuuz6KyrNBY1F,spotify:track:55YaGVtmlMuuz6KyrNBY1F,https://api.spotify.com/v1/tracks/55YaGVtmlMuuz6KyrNBY1F,https://api.spotify.com/v1/audio-analysis/55YaGVtmlMuuz6KyrNBY1F,0.720093059453731,0.5,17
SERIOUS MUSIC / COMPETITIVE MUSIC,3beBi9FVsbK1EH3GAfl2y5,Serious,0.1328477280610475,0.003988979285137806,0.18181818181818182,0.22689350564371003,1.0,0.5055762081784386,0.841269841269841,0.9561128526645768,0.36457505957108804,0.009917130824616219,0.7211980245862033,audio_features,6z1QfP61cL5IkPCVm3BKiw,spotify:track:6z1QfP61cL5IkPCVm3BKiw,https://api.spotify.com/v1/tracks/6z1QfP61cL5IkPCVm3BKiw,https://api.spotify.com/v1/audio-analysis/6z1QfP61cL5IkPCVm3BKiw,0.6771068776235066,0.0,17
Serious,4TnS1MiVZf3qkgJxVgUcgj,Serious,0.007457509538674981,0.08708034546415948,0.0,0.6324636021593324,1.0,0.26579925650557623,0.7936507936507935,0.2727272727272725,0.3089753772835583,0.0,0.10981073046084794,audio_features,0DnhhwJ9zw3xjRHGB7eo7R,spotify:track:0DnhhwJ9zw3xjRHGB7eo7R,https://api.spotify.com/v1/tracks/0DnhhwJ9zw3xjRHGB7eo7R,https://api.spotify.com/v1/audio-analysis/0DnhhwJ9zw3xjRHGB7eo7R,0.6878120265269118,0.75,17
Serious Beats 100,4Ss50wDDxBJdDXuQzeSTNl,Serious,0.13111342351716965,0.11222019165653961,0.7272727272727273,0.48634058563716676,1.0,0.23605947955390338,0.7671957671957674,0.3322884012539187,0.3804606830818109,0.3397636190734954,0.7387081186886268,audio_features,19tpUsoPv87ty0OS0kMvvU,spotify:track:19tpUsoPv87ty0OS0kMvvU,https://api.spotify.com/v1/tracks/19tpUsoPv87ty0OS0kMvvU,https://api.spotify.com/v1/audio-analysis/19tpUsoPv87ty0OS0kMvvU,0.72750304264673,1.0,17
Serious Beats 100,79C8xAhw7GSHbFdQ8etnJM,Serious,0.17793964620187305,0.04728331957290092,0.8181818181818182,0.4770570914444625,1.0,0.29182156133828996,0.8571428571428568,0.41692789968652066,0.3328038125496424,0.0069284064665127015,0.19247999606882832,audio_features,3ormOBJT8OGCxhrXntFyQq,spotify:track:3ormOBJT8OGCxhrXntFyQq,https://api.spotify.com/v1/tracks/3ormOBJT8OGCxhrXntFyQq,https://api.spotify.com/v1/audio-analysis/3ormOBJT8OGCxhrXntFyQq,0.5107341264913107,0.75,17
The Virgin Suicides (Soundtrack),66jGYBWTy4lujdo4rlM3Na,Urgent,0.19181408255289625,0.03726448787999666,0.2727272727272727,0.5677654179617209,1.0,0.36802973977695164,0.7671957671957674,0.7993730407523514,0.36457505957108804,0.08300502649096592,0.18587890353068365,audio_features,0NbAwRGkpCrY8FZsH6Cf3H,spotify:track:0NbAwRGkpCrY8FZsH6Cf3H,https://api.spotify.com/v1/tracks/0NbAwRGkpCrY8FZsH6Cf3H,https://api.spotify.com/v1/audio-analysis/0NbAwRGkpCrY8FZsH6Cf3H,0.8404494009918614,0.5,23
Urgent Radio,37i9dQZF1E8UAiIKy3DBwh,Urgent,0.07734998265695456,0.10850951325176027,0.9090909090909092,0.5760265008997218,1.0,0.2434944237918215,0.8888888888888893,0.7680250783699059,0.29150119142176323,0.12511886971878822,0.145396024602583,audio_features,7AHv2iAuICKdJDmbD5onlR,spotify:track:7AHv2iAuICKdJDmbD5onlR,https://api.spotify.com/v1/tracks/7AHv2iAuICKdJDmbD5onlR,https://api.spotify.com/v1/audio-analysis/7AHv2iAuICKdJDmbD5onlR,0.5380144556767094,0.5,23
UrgenÈ›e Radio,37i9dQZF1E8MDikWR76m4Q,Urgent,0.09989594172736732,0.016577455773351766,0.5454545454545454,0.5495664976280059,1.0,0.2379182156133829,0.9259259259259256,0.44827586206896575,0.32486100079428104,0.043200652085314505,0.14572362224715601,audio_features,2ud8PfizwtkZ0IKrCyhZkC,spotify:track:2ud8PfizwtkZ0IKrCyhZkC,https://api.spotify.com/v1/tracks/2ud8PfizwtkZ0IKrCyhZkC,https://api.spotify.com/v1/audio-analysis/2ud8PfizwtkZ0IKrCyhZkC,0.6376807994502537,0.5,23
Urgente Rock and Roll,7qVI0CoBARxSlkZtiN0A9o,Urgent,0.1363163371488033,0.2689963542584673,0.9090909090909092,0.5976607230492395,1.0,0.2843866171003717,0.6825396825396828,0.18181818181818166,0.28355837966640185,0.16044015758728436,0.737373158286992,audio_features,4Gy64kPK6SVwKdb4rs1emJ,spotify:track:4Gy64kPK6SVwKdb4rs1emJ,https://api.spotify.com/v1/tracks/4Gy64kPK6SVwKdb4rs1emJ,https://api.spotify.com/v1/audio-analysis/4Gy64kPK6SVwKdb4rs1emJ,0.43700686354867824,0.75,23
EMERGING ARTISTS - POP,6nmFVYglWgR5l1c1aZnmLb,Urgent,0.19007977800901835,0.0,0.7272727272727273,0.42434156715197124,1.0,0.9237918215613382,0.0,0.9592476489028212,0.3804606830818109,0.2935742426300774,0.15361872548136374,audio_features,58Dz8Beq1CIwMUM80P7wee,spotify:track:58Dz8Beq1CIwMUM80P7wee,https://api.spotify.com/v1/tracks/58Dz8Beq1CIwMUM80P7wee,https://api.spotify.com/v1/audio-analysis/58Dz8Beq1CIwMUM80P7wee,0.6315375508142701,0.5,23
Severance: Defiant Jazz,5cUmpLCpurCFuwSXEP2uLg,Defiant,0.1328477280610475,0.01045483640546583,1.0,0.3609929658105675,1.0,0.43122676579925645,0.6878306878306883,0.9561128526645768,0.3884034948371723,0.03151745686727348,0.7162594900942663,audio_features,1Lzv93xUuJMP28dDMVPOjm,spotify:track:1Lzv93xUuJMP28dDMVPOjm,https://api.spotify.com/v1/tracks/1Lzv93xUuJMP28dDMVPOjm,https://api.spotify.com/v1/audio-analysis/1Lzv93xUuJMP28dDMVPOjm,0.6187377362708327,0.5,3
Defiant Jazz Mix,37i9dQZF1EIfxS9iNmIkpj,Defiant,0.17793964620187305,0.19014443815690601,0.09090909090909091,0.30394241779813513,1.0,0.20817843866171004,0.9523809523809526,0.6269592476489025,0.25734710087370927,0.03926096997690532,0.639364132971884,audio_features,1Rg5A2IKrEg2TbsrHsMZrY,spotify:track:1Rg5A2IKrEg2TbsrHsMZrY,https://api.spotify.com/v1/tracks/1Rg5A2IKrEg2TbsrHsMZrY,https://api.spotify.com/v1/audio-analysis/1Rg5A2IKrEg2TbsrHsMZrY,0.8491012808093853,0.5,3
THE DEFIANT ONES,2TkDbFhhFlha8Vk626f9u5,Defiant,0.1345820326049254,0.003719955100791303,0.0,0.0655570096515623,1.0,0.3215613382899628,0.7830687830687832,0.9561128526645768,0.37251787132644953,0.12647738079065346,0.7099859952006946,audio_features,1hE4uBGIfigYTxG8egwMQd,spotify:track:1hE4uBGIfigYTxG8egwMQd,https://api.spotify.com/v1/tracks/1hE4uBGIfigYTxG8egwMQd,https://api.spotify.com/v1/audio-analysis/1hE4uBGIfigYTxG8egwMQd,0.7143637763592557,0.0,3
I Am Defiant Radio,37i9dQZF1E8F1peRO6273O,Defiant,0.2559833506763788,0.021586871619803893,0.6363636363636364,0.22423523638148213,1.0,0.19516728624535318,0.9576719576719581,0.9184952978056424,0.40428911834789505,0.19440293438391523,0.1738151202692853,audio_features,3PzyB6DsbfPbiKS0COHjRk,spotify:track:3PzyB6DsbfPbiKS0COHjRk,https://api.spotify.com/v1/tracks/3PzyB6DsbfPbiKS0COHjRk,https://api.spotify.com/v1/audio-analysis/3PzyB6DsbfPbiKS0COHjRk,0.7491699990892756,0.5,3
The Defined Dish,6cfLFAtYuL9s0waYPZDCr9,Defiant,0.23690600069372184,0.01286677736857241,0.18181818181818182,0.0,1.0,0.4776951672862453,0.8624338624338623,0.9310344827586206,0.39634630659253367,0.005026490965901374,0.16854898813277536,audio_features,5iyJdB9n5r3Ud8OR0Lwy0X,spotify:track:5iyJdB9n5r3Ud8OR0Lwy0X,https://api.spotify.com/v1/tracks/5iyJdB9n5r3Ud8OR0Lwy0X,https://api.spotify.com/v1/audio-analysis/5iyJdB9n5r3Ud8OR0Lwy0X,0.7183875214227168,0.75,3
Brooding Mix,37i9dQZF1EIh0vhUTrH9XR,Brooding,0.1328477280610475,0.005974192231694759,0.6363636363636364,0.03001799443808273,1.0,0.39219330855018586,0.8465608465608465,0.8244514106583072,0.41223193010325654,0.008286917538377937,0.7246705596186764,audio_features,3qfofCNp0UgwHKmgM1EJ6A,spotify:track:3qfofCNp0UgwHKmgM1EJ6A,https://api.spotify.com/v1/tracks/3qfofCNp0UgwHKmgM1EJ6A,https://api.spotify.com/v1/audio-analysis/3qfofCNp0UgwHKmgM1EJ6A,0.7060844655290893,0.75,1
Brooding Classical Mix,37i9dQZF1EIhw4XnRp9P1l,Brooding,0.2039542143600416,0.12149688766848799,0.2727272727272727,0.4548912154424998,1.0,0.24721189591078063,0.947089947089947,0.7210031347962382,0.37251787132644953,0.010188833038989265,0.15523214388088552,audio_features,0oWPj0l614RgAId5vgJonC,spotify:track:0oWPj0l614RgAId5vgJonC,https://api.spotify.com/v1/tracks/0oWPj0l614RgAId5vgJonC,https://api.spotify.com/v1/audio-analysis/0oWPj0l614RgAId5vgJonC,0.6569633143737114,0.75,1
bitter/sweet,37i9dQZF1DWYPN7VhE3PnY,Brooding,0.006416926812348234,0.0035900813566240256,0.09090909090909091,0.28341239980369703,1.0,0.33457249070631967,0.7566137566137563,0.9090909090909092,0.35663224781572667,0.03776660779785356,0.2265829108688709,audio_features,5zQm7n2ahnvGa3ntYy569W,spotify:track:5zQm7n2ahnvGa3ntYy569W,https://api.spotify.com/v1/tracks/5zQm7n2ahnvGa3ntYy569W,https://api.spotify.com/v1/audio-analysis/5zQm7n2ahnvGa3ntYy569W,0.9999999999999999,0.75,1
Brooding,6gVCOfXPUCxRutLVGTzVoK,Brooding,0.1432535553243149,0.0048980954943087475,1.0,0.31396204809422534,1.0,0.34944237918215604,0.9788359788359786,0.5548589341692787,0.8490865766481335,0.0426572476565684,0.7069229572239377,audio_features,7kabmQdunJ6Jk5PAeTSwtL,spotify:track:7kabmQdunJ6Jk5PAeTSwtL,https://api.spotify.com/v1/tracks/7kabmQdunJ6Jk5PAeTSwtL,https://api.spotify.com/v1/audio-analysis/7kabmQdunJ6Jk5PAeTSwtL,0.6398499788877573,0.5,1
Brooding Music,2rZlslDFaBAtbhVB1T7rtT,Brooding,0.052202566770724934,0.5760549922539588,0.18181818181818182,0.7115573368231638,1.0,0.16728624535315983,0.28042328042328,0.0,0.2613185067513899,0.028392881401983434,0.16002325943276458,audio_features,1OraD6cUqvKrh8A5skqtBh,spotify:track:1OraD6cUqvKrh8A5skqtBh,https://api.spotify.com/v1/tracks/1OraD6cUqvKrh8A5skqtBh,https://api.spotify.com/v1/audio-analysis/1OraD6cUqvKrh8A5skqtBh,0.9223814609671889,0.5,1
Aggressive Mix,37i9dQZF1EIgPVLKHBH43C,Aggressive,0.12591050988553593,0.02399881258291047,0.36363636363636365,0.5060935710780303,1.0,0.21747211895910779,0.746031746031746,0.8777429467084636,0.3486894360603653,0.05271022958837115,0.1308179294190875,audio_features,14sRXDn38uhpfk65uVeJsW,spotify:track:14sRXDn38uhpfk65uVeJsW,https://api.spotify.com/v1/tracks/14sRXDn38uhpfk65uVeJsW,https://api.spotify.com/v1/audio-analysis/14sRXDn38uhpfk65uVeJsW,0.5097074919483701,0.75,0
Aggressive Rap Mix,37i9dQZF1EIesbtlhD4Mon,Aggressive,0.21089143253555323,0.01787619321502454,0.2727272727272727,0.32524946834614754,1.0,0.4628252788104088,0.6084656084656084,0.9561128526645768,0.3010325655281969,0.4158402390979487,0.6785611911450355,audio_features,5tMn4xcTABTh3jLR3l29Ok,spotify:track:5tMn4xcTABTh3jLR3l29Ok,https://api.spotify.com/v1/tracks/5tMn4xcTABTh3jLR3l29Ok,https://api.spotify.com/v1/audio-analysis/5tMn4xcTABTh3jLR3l29Ok,0.32098060157472486,0.5,0
Aggressive Heavy Metal Mix,37i9dQZF1EIetewBshGEPK,Aggressive,0.12937911897329174,0.0006029852407766453,0.18181818181818182,0.3528954686733192,1.0,0.6152416356877323,0.4761904761904763,0.9623824451410656,0.3407466243050039,0.05243852737399809,0.7137287982899403,audio_features,1NuVo3UQnj0O6ocHH3UjDT,spotify:track:1NuVo3UQnj0O6ocHH3UjDT,https://api.spotify.com/v1/tracks/1NuVo3UQnj0O6ocHH3UjDT,https://api.spotify.com/v1/audio-analysis/1NuVo3UQnj0O6ocHH3UjDT,0.6414230479454889,0.75,0
AGGRESSIVE RAP & DRILL,6TdwI7cta593HMPCET6Xkx,Aggressive,0.0,0.024369880423388408,0.4545454545454546,0.10154588581711121,1.0,0.2434944237918215,0.8677248677248679,0.7742946708463951,0.25893566322478145,0.09251460399402256,0.15074405615023628,audio_features,1DiSzonwA6obAjQSbz1vAx,spotify:track:1DiSzonwA6obAjQSbz1vAx,https://api.spotify.com/v1/tracks/1DiSzonwA6obAjQSbz1vAx,https://api.spotify.com/v1/audio-analysis/1DiSzonwA6obAjQSbz1vAx,0.8219948171514203,0.75,0
AGGRESSIVE PHONK ðŸ˜ˆ,0cGc6F0S1jAqTlHYKE8rvZ,Aggressive,0.1432535553243149,0.10572650444817573,0.0,0.3158841812530673,1.0,0.47026022304832715,0.5238095238095237,0.9278996865203761,0.3407466243050039,0.040891183263143595,0.7078893702754279,audio_features,6Ao0ELZFd7KwZFFAxm2lYP,spotify:track:6Ao0ELZFd7KwZFFAxm2lYP,https://api.spotify.com/v1/tracks/6Ao0ELZFd7KwZFFAxm2lYP,https://api.spotify.com/v1/audio-analysis/6Ao0ELZFd7KwZFFAxm2lYP,0.32098060157472486,0.75,0
